URL,Last crawled
https://californiacurated.com/tag/central-valley-california/,2026-06-30
https://californiacurated.com/blog/ghost-of-the-west-the-tragic-story-of-the-california-grizzly-bears-journey-from-wilderness-to-state-flag/,2026-06-30
https://californiacurated.com/tag/methane/,2026-06-30
https://californiacurated.com/tag/roadcuts/,2026-06-30
https://californiacurated.com/2021/02/18/the-man-who-saved-a-species/,2026-06-30
https://californiacurated.com/tag/grizzly-bear/,2026-06-30
https://californiacurated.com/2023/11/29/chromatics-and-cognition-the-intriguing-world-of-the-california-two-spot-octopus/,2026-06-30
https://californiacurated.com/tag/plate-tectonics/,2026-06-30
https://californiacurated.com/tag/oil-rigs/,2026-06-30
https://californiacurated.com/author/californiacurated/page/4/,2026-06-29
https://californiacurated.com/tag/stars/,2026-06-29
https://californiacurated.com/tag/bird-migration/,2026-06-29
https://californiacurated.com/blog/californias-unheralded-role-in-apollo-11/,2026-06-28
https://californiacurated.com/tag/rov/,2026-06-28
http://californiacurated.com/2021/02/18/the-man-who-saved-a-species/,2026-06-28
https://californiacurated.com/tag/sequoias/,2026-06-27
https://californiacurated.com/tag/long-beach/,2026-06-27
https://californiacurated.com/tag/ocean/,2026-06-27
https://californiacurated.com/tag/slac/,2026-06-26
https://californiacurated.com/tag/birding/,2026-06-26
https://californiacurated.com/2022/12/18/the-man-who-saved-a-species/,2026-06-26
https://californiacurated.com/category/marine-science/,2026-06-25
https://californiacurated.com/category/biology/page/6/,2026-06-25
https://californiacurated.com/category/history-of-science/page/5/,2026-06-24
https://californiacurated.com/page/3/,2026-06-24
https://californiacurated.com/tag/environmental-history/,2026-06-24
https://californiacurated.com/tag/kim-stanley-robinson/,2026-06-24
https://californiacurated.com/tag/mining/,2026-06-24
https://californiacurated.com/tag/oak/,2026-06-23
https://californiacurated.com/tag/jared-farmer/,2026-06-23
https://californiacurated.com/tag/science-writing/,2026-06-23
https://californiacurated.com/tag/field-atlas/,2026-06-23
https://californiacurated.com/tag/nature-writing/,2026-06-23
https://californiacurated.com/tag/rosanna-xia/,2026-06-23
https://californiacurated.com/tag/natural-history/,2026-06-23
https://californiacurated.com/tag/josh-jackson/,2026-06-23
https://californiacurated.com/tag/public-lands/,2026-06-23
https://californiacurated.com/tag/obi-kaufman/,2026-06-23
https://californiacurated.com/tag/center-for-biological-diversity/feed/,2026-06-22
https://californiacurated.com/tag/manzanita/,2026-06-22
https://californiacurated.com/2019/05/10/week-of-may-10/,2026-06-22
https://californiacurated.com/tag/alabama-hills/,2026-06-21
https://californiacurated.com/category/animals/page/2/,2026-06-21
https://californiacurated.com/tag/mojave-desert/,2026-06-21
https://californiacurated.com/tag/palm-like-plants/,2026-06-21
https://californiacurated.com/tag/james-watson/,2026-06-20
https://californiacurated.com/category/geology-and-earthquakes/,2026-06-20
https://californiacurated.com/2023/03/02/californias-strangest-catastrophe/,2026-06-19
http://californiacurated.com/2022/12/18/the-man-who-saved-a-species/,2026-06-19
https://californiacurated.com/tag/rigs-to-reefs/,2026-06-19
https://californiacurated.com/tag/rare-earths/,2026-06-17
https://californiacurated.com/tag/bristlecones/,2026-06-16
https://californiacurated.com/tag/trees/,2026-06-12
https://californiacurated.com/tag/california/,2026-06-11
https://californiacurated.com/tag/squid/,2026-06-11
https://californiacurated.com/category/people/page/5/,2026-06-06
https://californiacurated.com/tag/lizards/,2026-06-05
https://californiacurated.com/tag/peering-networks/,2026-06-04
https://californiacurated.com/category/cities/page/3/,2026-06-04
https://californiacurated.com/tag/native-plants/,2026-06-04
https://californiacurated.com/tag/einstein/,2026-06-04
https://californiacurated.com/tag/oceans/,2026-06-04
https://californiacurated.com/tag/petroleum/,2026-06-04
https://californiacurated.com/category/history-of-science/page/7/,2026-06-04
https://californiacurated.com/category/biology/,2026-06-04
https://californiacurated.com/tag/volcanoes/,2026-06-04
https://californiacurated.com/category/people/page/2/,2026-06-03
https://californiacurated.com/category/climate-change/page/3/,2026-06-03
https://californiacurated.com/tag/la-brea-tar-pits/,2026-06-03
https://californiacurated.com/tag/earthquakes/,2026-06-03
https://californiacurated.com/tag/cold-war/,2026-06-02
https://californiacurated.com/category/people/,2026-06-02
https://californiacurated.com/tag/pleistocene/,2026-06-02
https://californiacurated.com/tag/palos-verdes/,2026-06-02
https://californiacurated.com/tag/pleistocene-epoch/,2026-06-02
https://californiacurated.com/tag/bear/,2026-06-02
https://californiacurated.com/tag/serpentine/,2026-06-02
https://californiacurated.com/tag/animals/page/2/,2026-06-02
https://californiacurated.com/tag/borates/,2026-06-02
https://californiacurated.com/category/places/,2026-05-31
https://californiacurated.com/category/physics/,2026-05-31
https://californiacurated.com/tag/francis-crick/,2026-05-29
http://californiacurated.com/2020/08/18/the-man-who-saved-a-species/,2026-05-28
https://californiacurated.com/category/cities/,2026-05-27
https://californiacurated.com/blog/week-of-may-31/,2026-05-27
https://californiacurated.com/tag/sustainability/,2026-05-26
https://californiacurated.com/2020/08/18/the-man-who-saved-a-species/,2026-05-26
https://californiacurated.com/tag/renewable-energy/,2026-05-25
https://californiacurated.com/tag/yosmite/,2026-05-25
https://californiacurated.com/tag/california-marine-resources-legacy-act/,2026-05-25
https://californiacurated.com/tag/san-pedro/,2026-05-25
https://californiacurated.com/tag/caltech/,2026-05-25
https://californiacurated.com/tag/mountains/,2026-05-25
https://californiacurated.com/category/marine-science/page/4/,2026-05-25
https://californiacurated.com/tag/whales/,2026-05-25
https://californiacurated.com/tag/redwoods/,2026-05-24
https://californiacurated.com/tag/national-parks/,2026-05-24
https://californiacurated.com/tag/geology/page/4/,2026-05-24
https://californiacurated.com/tag/luther-burbank/,2026-05-24
https://californiacurated.com/tag/cretaceous-paleogene-k-pg-boundary/,2026-05-24
https://californiacurated.com/category/history-of-science/,2026-05-24
https://californiacurated.com/2019/07/18/californias-unheralded-role-in-apollo-11/,2026-05-23
https://californiacurated.com/tag/stargazing/,2026-05-23
https://californiacurated.com/category/places/page/3/,2026-05-22
https://californiacurated.com/tag/alternative-feed/,2026-05-22
https://californiacurated.com/tag/prehistoric-plants/,2026-05-22
https://californiacurated.com/tag/surfing/,2026-05-22
https://californiacurated.com/tag/sustainable-farming/,2026-05-22
https://californiacurated.com/tag/two-spot-octopus/,2026-05-22
https://californiacurated.com/category/animals/page/7/,2026-05-22
https://californiacurated.com/category/biology/page/3/,2026-05-22
https://californiacurated.com/tag/agriculture/,2026-05-22
https://californiacurated.com/tag/citrus/,2026-05-22
https://californiacurated.com/category/indigenous-culture/,2026-05-22
https://californiacurated.com/tag/forest/,2026-05-22
https://californiacurated.com/tag/gold-rush/,2026-05-22
https://californiacurated.com/tag/dioecy/,2026-05-22
https://californiacurated.com/category/books/,2026-05-21
https://californiacurated.com/category/birds/,2026-05-21
https://californiacurated.com/tag/wedge/,2026-05-21
https://californiacurated.com/tag/coastal-stories/,2026-05-21
https://californiacurated.com/tag/jetty/,2026-05-21
https://californiacurated.com/tag/waves/,2026-05-21
https://californiacurated.com/category/places/page/5/,2026-05-20
https://californiacurated.com/tag/portuguese-bend/,2026-05-20
https://californiacurated.com/2026/02/24/curiosity-is-the-point/feed/,2026-05-19
https://californiacurated.com/tag/islands/,2026-05-19
https://californiacurated.com/tag/geology/page/3/,2026-05-19
https://californiacurated.com/tag/hot-springs/,2026-05-19
https://californiacurated.com/tag/mohole/,2026-05-19
https://californiacurated.com/tag/species/,2026-05-19
https://californiacurated.com/category/places/page/4/,2026-05-19
https://californiacurated.com/tag/california-innovation/,2026-05-19
https://californiacurated.com/tag/gi-partners/,2026-05-19
https://californiacurated.com/tag/agriculture-emissions/,2026-05-19
https://californiacurated.com/tag/biodiversity/,2026-05-19
https://californiacurated.com/tag/cattle-industry/,2026-05-19
https://californiacurated.com/tag/plant-evolution/,2026-05-19
https://californiacurated.com/tag/living-fossils/,2026-05-19
https://californiacurated.com/tag/california-irrigation/,2026-05-18
https://californiacurated.com/2019/04/05/week-of-april-5/,2026-05-18
https://californiacurated.com/tag/1930s/,2026-05-18
https://californiacurated.com/tag/owens-valley/,2026-05-18
https://californiacurated.com/tag/coral-reefs/,2026-05-18
https://californiacurated.com/tag/environment/,2026-05-17
https://californiacurated.com/tag/descanso-gardens/,2026-05-17
https://californiacurated.com/author/californiacurated/,2026-05-17
https://californiacurated.com/category/animals/page/4/,2026-05-17
https://californiacurated.com/tag/mojave/,2026-05-17
https://californiacurated.com/tag/newport-beach/,2026-05-17
https://californiacurated.com/2019/05/03/week-of-may-3/,2026-05-17
https://californiacurated.com/tag/catalina-island/,2026-05-17
https://californiacurated.com/tag/fish/,2026-05-17
https://californiacurated.com/tag/rare-plants/,2026-05-17
https://californiacurated.com/tag/state-flag/,2026-05-16
https://californiacurated.com/tag/birds/,2026-05-16
https://californiacurated.com/tag/owens-pupfish/,2026-05-14
https://californiacurated.com/page/4/,2026-05-14
https://californiacurated.com/tag/edwin-philip-pister/,2026-05-14
https://californiacurated.com/tag/pacific-ocean/,2026-05-13
https://californiacurated.com/tag/bekins-building/,2026-05-13
https://californiacurated.com/category/horticulture/page/2/,2026-05-13
https://californiacurated.com/tag/nature/,2026-05-12
https://californiacurated.com/tag/anacapa-island/,2026-05-12
https://californiacurated.com/tag/triton-submarines/,2026-05-12
https://californiacurated.com/tag/john-mcphee/,2026-05-12
https://californiacurated.com/category/places/page/11/,2026-05-12
https://californiacurated.com/tag/scripps-institution-of-oceanography/,2026-05-12
https://californiacurated.com/tag/sea-lion/,2026-05-12
https://californiacurated.com/tag/long-valley/,2026-05-12
https://californiacurated.com/category/horticulture/,2026-05-12
https://californiacurated.com/page/2/,2026-05-11
https://californiacurated.com/tag/horticulture/,2026-05-11
https://californiacurated.com/tag/covid-19/,2026-05-11
https://californiacurated.com/tag/regenerative-agriculture/,2026-05-11
https://californiacurated.com/tag/salton-sea/feed/,2026-05-11
https://californiacurated.com/tag/jpl/,2026-05-11
https://californiacurated.com/tag/california-technology/,2026-05-11
https://californiacurated.com/tag/science/,2026-05-11
https://californiacurated.com/tag/fiber-optic-network/,2026-05-11
https://californiacurated.com/tag/trees/page/2/,2026-05-11
https://californiacurated.com/tag/reefs/,2026-05-10
https://californiacurated.com/tag/la-crescenta/,2026-05-10
https://californiacurated.com/tag/downtown-los-angeles/,2026-05-10
https://californiacurated.com/tag/enteric-fermentation/,2026-05-10
https://californiacurated.com/tag/att/,2026-05-10
https://californiacurated.com/tag/telecom-carriers/,2026-05-10
https://californiacurated.com/tag/sea-lions/,2026-05-10
https://californiacurated.com/tag/santa-barbara-channel/,2026-05-10
https://californiacurated.com/tag/pacific-rim-communications/,2026-05-10
https://californiacurated.com/tag/ucsb/,2026-05-10
https://californiacurated.com/tag/ab-2503/,2026-05-10
https://californiacurated.com/tag/internet-history/,2026-05-10
https://californiacurated.com/tag/ocean-habitat/,2026-05-10
https://californiacurated.com/tag/blue-latitudes/,2026-05-10
https://californiacurated.com/tag/strawberry-anemones/,2026-05-10
https://californiacurated.com/tag/asia-data-link/,2026-05-10
https://californiacurated.com/tag/thermogenesis/feed/,2026-05-10
https://californiacurated.com/tag/internet-infrastructure/,2026-05-10
https://californiacurated.com/tag/blue-whales/,2026-05-10
https://californiacurated.com/tag/burping-cows/,2026-05-10
https://californiacurated.com/tag/eldridge-moores/,2026-05-10
https://californiacurated.com/tag/climate/,2026-05-10
https://californiacurated.com/tag/nuclear/,2026-05-10
https://californiacurated.com/tag/rand/,2026-05-10
https://californiacurated.com/tag/cetaceans/,2026-05-10
https://californiacurated.com/tag/ancient-plants/,2026-05-10
https://californiacurated.com/tag/solar-power/,2026-05-10
https://californiacurated.com/tag/cephalopods/,2026-05-10
https://californiacurated.com/tag/electric-vehicles/,2026-05-09
https://californiacurated.com/tag/hadrosaur/,2026-05-09
https://californiacurated.com/category/history-of-science/page/4/,2026-05-09
https://californiacurated.com/tag/octopus/,2026-05-08
https://californiacurated.com/tag/national-park-service/,2026-05-08
https://californiacurated.com/tag/geology/page/2/,2026-05-07
https://californiacurated.com/tag/elephant-seal/,2026-05-07
https://californiacurated.com/tag/owens-river/,2026-05-07
https://californiacurated.com/tag/hydraulic-miing/,2026-05-07
https://californiacurated.com/tag/artificial-reefs/,2026-05-05
https://californiacurated.com/tag/verizon/,2026-05-05
https://californiacurated.com/tag/global-connectivity/,2026-05-05
https://californiacurated.com/search,2026-05-01
https://californiacurated.com/subscribe/,2026-05-01
https://californiacurated.com/2025/01/16/understanding-the-impact-of-santa-ana-winds-in-the-eaton-fire/?share=twitter,2026-04-30
https://californiacurated.com/2019/08/16/parkfield-california-earthquake-capital/,2026-04-29
https://californiacurated.com/2024/10/30/uss-independence-californias-aircraft-carrier-rests-off-the-coast/?share=twitter&nb=1,2026-04-27
https://californiacurated.com/2025/03/04/berkeleys-cosmic-breakthrough-and-the-alvarez-discovery-that-rewrote-earths-history/?share=twitter,2026-04-27
https://californiacurated.com/2026/04/24/that-time-we-tried-to-live-under-the-sea-off-california/?share=twitter&nb=1,2026-04-24
https://californiacurated.com/2021/04/11/descanso-gardens-rare-collection-of-dinosaur-era-plants/?share=twitter,2026-04-23
https://californiacurated.com/2024/09/04/the-monterey-formation-and-californias-miocene-oceans-fossils-and-oil/?share=twitter,2026-04-23
https://californiacurated.com/2024/09/24/the-saber-toothed-cats-of-california-fierce-predators-of-the-pleistocene/?share=twitter,2026-04-21
https://californiacurated.com/2025/11/14/san-clemente-island-is-where-war-games-and-wildlife-coexist/?share=twitter,2026-04-21
https://californiacurated.com/2026/03/16/the-man-who-saved-a-species/?share=twitter,2026-04-14
https://californiacurated.com/2025/01/29/the-mountain-pass-mine-in-california-may-be-the-u-s-rare-earths-game-changer/?share=twitter,2026-04-03
https://californiacurated.com/2023/10/12/journey-to-the-iron-giant-nasas-psyche-mission-could-unlock-the-secrets-of-a-metallic-world/?share=twitter&nb=1,2026-04-01
https://californiacurated.com/2025/10/10/california-is-a-nobel-powerhouse/?share=twitter,2026-03-31
https://californiacurated.com/2025/02/24/creosote-bushes-are-the-mojave-deserts-time-travelers/से,2026-03-30
https://californiacurated.com/2025/11/03/ten-essential-books-about-californias-nature-science-and-sense-of-place/?share=twitter&nb=1,2026-03-30
https://californiacurated.com/2025/03/13/salt-to-salvation-the-desalination-revolution-in-californias-drought-battle/?share=twitter&nb=1,2026-03-30
https://californiacurated.com/2024/12/03/all-the-fish-we-did-not-see-the-discovery-of-the-oceans-false-bottom-off-california/?share=twitter,2026-03-28
https://californiacurated.com/2019/07/18/californias-unheralded-role-in-apollo-11/?share=twitter&nb=1,2026-03-26
https://californiacurated.com/2025/01/06/how-a-tiny-beetle-helped-save-california/?share=twitter&nb=1,2026-03-25
https://californiacurated.com/2025/07/01/manzanitas-are-californias-sculptured-survivors/?share=twitter&nb=1,2026-03-24
https://californiacurated.com/2023/02/14/ten-little-known-facts-about-california/?share=twitter&nb=1,2026-03-24
https://californiacurated.com/2025/02/04/a-deep-dive-into-monterey-canyon-californias-great-abyss/?share=twitter&nb=1,2026-03-24
https://californiacurated.com/2025/02/20/natures-refuge-in-the-untamed-landscape-of-camp-pendleton/?share=twitter&nb=1,2026-03-23
https://californiacurated.com/2023/10/09/autumns-alchemy-unveiling-the-science-behind-californias-high-sierra-fall-foliage/?share=twitter&nb=1,2026-03-23
https://californiacurated.com/2026/03/06/mbari-and-the-machines-that-let-us-see-the-deep/?share=twitter,2026-03-23
https://californiacurated.com/2025/12/15/upwelling-the-oceans-engine-beneath-californias-waters/?share=twitter&nb=1,2026-03-23
https://californiacurated.com/2025/12/19/californias-two-spot-octopus-is-the-alien-mind-off-shore/?share=twitter,2026-03-23
http://californiacurated.com/2020/05/20/beautiful-but-deadly-painting-the-coronavirus/amp/,2026-03-21
https://californiacurated.com/2025/09/04/the-story-of-southern-california-sand-from-mountains-to-surf/?share=twitter&nb=1,2026-03-20
http://californiacurated.com/2020/08/18/the-man-who-saved-a-species/amp/,2026-03-18
https://californiacurated.com/2020/04/01/the-mismeasure-by-man-how-we-overstate-the-length-of-the-blue-whale-earths-largest-creature/?share=twitter&nb=1,2026-03-17
https://californiacurated.com/2021/11/08/the-little-known-california-scientist-who-may-have-saved-millions-of-lives/?share=twitter&nb=1,2026-03-17
https://californiacurated.com/2024/06/07/from-desert-riches-to-durable-glass-the-story-of-the-rio-ti…&,2026-03-17
https://californiacurated.com/2025/02/10/long-valley-caldera-discover-the-science-and-beauty-of-californias-ancient-supervolcano/?share=twitter,2026-03-17
https://californiacurated.com/2026/03/16/the-man-who-saved-a-species/?share=twitter&nb=1,2026-03-16
https://californiacurated.com/2025/11/14/san-clemente-island-is-where-war-games-and-wildlife-coexist/?share=twitter&nb=1,2026-03-15
http://californiacurated.com/2019/08/30/how-theodore-roosevelts-1903-trip-to-california-gave-birth-to-modern-conservation/amp/,2026-03-14
https://californiacurated.com/2020/04/30/how-one-building-survived-the-san-francisco-earthquake-and-changed-the-world/?share=twitter&nb=1,2026-03-10
https://californiacurated.com/wp-content/uploads/*,2026-03-09
https://californiacurated.com/wp-content/themes/independent-publisher-2/*,2026-03-08
https://californiacurated.com/2026/03/06/mbari-and-the-machines-that-let-us-see-the-deep/?share=twitter&nb=1,2026-03-06
https://californiacurated.com/2026/02/24/curiosity-is-the-point/?share=twitter&nb=1,2026-03-06
https://californiacurated.com/2025/03/04/berkeleys-cosmic-breakthrough-and-the-alvarez-discovery-that-rewrote-earths-history/?share=twitter&nb=1,2026-03-05
https://californiacurated.com/2023/11/20/roadcut-revelations-unearthing-deep-history-along-the-highway/?share=twitter&nb=1,2026-03-04
https://californiacurated.com/2023/08/08/the-sweet-tale-of-the-boysenberry-from-berry-vines-to-theme-park-lines/?share=twitter&nb=1,2026-02-28
https://californiacurated.com/2025/07/15/californias-strangest-catastrophe/?share=twitter&nb=1,2026-02-23
https://californiacurated.com/2023/06/07/the-unearthed-truth-hydraulic-minings-lingering-legacy-in-california/?share=twitter&nb=1,2026-02-19
https://californiacurated.com/2024/12/23/laurel-sumac-the-resilient-beauty-of-southern-californias-chaparral/?share=twitter,2026-02-14
https://californiacurated.com/2026/02/03/measuring-the-earths-tremors-and-the-discovery-of-the-richter-scale/?share=twitter,2026-02-14
https://californiacurated.com/2026/02/04/californias-daily-tidal-wave-of-life/?share=twitter,2026-02-14
https://californiacurated.com/2024/04/15/jpl-and-the-voyager-golden-record-humanitys-a-cosmic-mixtape-in-space/?share=twitter&nb=1,2026-01-30
https://californiacurated.com/2024/09/09/the-geology-behind-palos-verdes-perlious-predicament-of-landslides/?share=twitter&nb=1,2026-01-28
https://californiacurated.com/2025/10/17/one-wilshire-los-angeles-hidden-artery-of-the-internet/?share=twitter&nb=1,2026-01-26
https://californiacurated.com/2025/01/16/understanding-the-impact-of-santa-ana-winds-in-the-eaton-fire/?share=twitter&nb=1,2026-01-25
https://californiacurated.com/2023/11/20/roadcut-revelations-unearthing-deep-history-along-the-highway/?share=twitter,2026-01-24
https://californiacurated.com/2026/01/06/ancient-and-poisonous-cycads-are-the-prehistoric-plants-of-southern-california/?share=twitter,2026-01-24
https://californiacurated.com/2026/01/15/my-favorite-california-science-nature-videos/?share=twitter,2026-01-24
https://californiacurated.com/2026/01/22/when-muybridge-made-motion-visible-in-palo-alto/?share=twitter,2026-01-24
https://californiacurated.com/2023/08/24/orange-enigma-the-garibaldis-dance-of-color-and-character-in-californias-coastal-ballet/?share=twitter&nb=1,2026-01-19
https://californiacurated.com/2023/06/20/ghost-of-the-west-the-tragic-story-of-the-california-grizzly-bears-journey-from-wilderness-to-state-flag/?share=twitter&nb=1,2026-01-19
https://californiacurated.com/2023/06/21/genetic-guardians-the-asilomar-conference-and-its-dna-diplomacy/?share=twitter&nb=1,2026-01-18
https://californiacurated.com/2025/02/24/creosote-bushes-are-the-mojave-deserts-time-travelers/?share=twitter&nb=1,2026-01-15
https://californiacurated.com/2025/10/23/not-so-big-how-we-overstate-the-length-of-the-blue-whale-earths-largest-creature/?share=twitter&nb=1,2026-01-14
https://californiacurated.com/wp-content/*,2026-01-04